caracter,area,num_pixeles,perimetro,circularidad,bbox_xmin,bbox_ymin,bbox_xmax,bbox_ymax,bbox_width,bbox_height,aspect_ratio,centroid_x,centroid_y,centroid_local_x,centroid_local_y,hu1,hu2,hu3,hu4,hu5,hu6,hu7
A,3744,3744,450,0.23233823002548515,40,61,98,179,59,119,0.4957983193277311,68.92254273504274,126.14556623931624,28.922542735042736,65.14556623931624,0.3277140293267472,0.05031169823382429,0.007386420466653478,0.0003341479382728099,5.249522116831895e-07,7.494848253785543e-05,-2.623139052011984e-09
B,4618,4618,437,0.3038791610005323,109,61,165,180,57,120,0.475,134.76418362927674,119.8501515807709,25.764183629276744,58.8501515807709,0.33492928610578254,0.04038078384787962,0.00044169711462498735,4.783824066644893e-05,5.288886617519239e-09,7.849159625631462e-07,-4.514826144926087e-09
C,3178,3178,406,0.24227672239336948,176,61,232,179,57,119,0.4789915966386555,198.6799874134676,120.65481434864695,22.67998741346759,59.65481434864695,0.5501585869953913,0.1383329860374381,0.009386041747320942,0.0022853836657707313,-1.0072508826318852e-05,-0.0008242251154959352,-3.2528671622125137e-06
1,2449,2449,287,0.3736240774389104,276,62,313,180,38,119,0.31932773109243695,295.20947325438954,124.25234789710086,19.209473254389547,62.252347897100854,0.5889017274106914,0.2991992116041477,0.0008639693333092972,0.00018557839608030372,5.599955183208537e-08,7.50417976716027e-05,4.884515323812957e-08
2,3442,3442,456,0.20801327165389483,327,62,383,180,57,119,0.4789915966386555,355.3965717606043,123.99273678094131,28.3965717606043,61.992736780941314,0.5162956500675001,0.15254881542259136,0.0005502353019986247,0.00020281131132166634,5.8109034665651845e-08,2.8039452489684655e-05,3.483489516871446e-08
3,3383,3383,519,0.15782548991270853,393,62,449,180,57,119,0.4789915966386555,425.5932604197458,120.92550990245344,32.59326041974579,58.92550990245344,0.4733917675555001,0.11170958841096609,0.005594579212781969,0.0012435374956988323,-3.2626653654033212e-06,-0.00041423757389307594,3.366383765273966e-07
